Train No,Train Name,SEQ,Station Code,Station Name,Source Station,Source Station Name,Destination Station,Destination Station Name,Distance
107,SWV-MAO-VLNK,4,MAO,MADGOAN JN.,SWV,SAWANTWADI ROAD,MAO,MADGOAN JN.,78
108,VLNK-MAO-SWV,4,SWV,SAWANTWADI R,MAO,MADGOAN JN.,SWV,SAWANTWADI ROAD,83
128,MAO-KOP SPEC,22,KOP,CHHATRAPATI,MAO,MADGOAN JN.,KOP,CHHATRAPATI SHAHU MAHARAJ TERMINUS,978
290,PALACE ON WH,14,DSJ,DELHI-SAFDAR,DSJ,DELHI-SAFDAR JANG,DSJ,DELHI-SAFDAR JANG,2694
401,BSB BHARATDA,12,BSB,VARANASI JN.,AWB,AURANGABAD,BSB,VARANASI JN.,1618
421,LKO-SVDK FTR,5,SVDK,SHRI MATA VA,LKO,LUCKNOW JN.,SVDK,SHRI MATA VAISHNO DEVI KATRA,1276
422,SVDK-LKO FTR,5,LKO,LUCKNOW JN.,SVDK,SHRI MATA VAISHNO DEVI KATRA,LKO,LUCKNOW JN.,1277
477,FTR TRAIN NO,14,SSA,SIRSA,SSA,SIRSA,SSA,SIRSA,2616
502,RJPB-UMB FTR,9,UMB,AMBALA CANTT,RJPB,RAJENDRANAGAR TERMINAL,UMB,AMBALA CANTT JN,1206
504,PNBE-BTI FTR,3,BTI,BATHINDA JN,PNBE,PATNA JN.,BTI,BATHINDA JN,1313
506,PNBE-PTA FTR,3,PTA,PATIALA,PNBE,PATNA JN.,PTA,PATIALA,1161
557,RSD-PJP BSF,2,PJP,PANJIPARA,URK,URKURA,PJP,PANJIPARA,1301
604,PNBE-ASR FTR,3,ASR,AMRITSAR JN.,PNBE,PATNA JN.,ASR,AMRITSAR JN.,1429
1011,CSMT-NGP SF,18,NGP,NAGPUR JN.(C,CSMT,CST-MUMBAI,NGP,NAGPUR JN.(CR),841
1037,LTT-SWV SPL,10,SWV,SAWANTWADI R,LTT,LOKMANYA TILAK TERMINUS,SWV,SAWANTWADI ROAD,513
1038,SWV-LTT SPL,10,LTT,LOKMANYA TIL,SWV,SAWANTWADI ROAD,LTT,LOKMANYA TILAK TERMINUS,503
1045,LTT-KRMI SPL,11,KRMI,KARMALI,LTT,LOKMANYA TILAK TERMINUS,KRMI,KARMALI,563
1119,AJNI-KRMI SP,24,KRMI,KARMALI,AJNI,AJNI,KRMI,KARMALI,1329
1120,KRMI-AJNI SP,24,AJNI,AJNI,KRMI,KARMALI,AJNI,AJNI,1319
1122,KRMI-CSMT SP,14,CSMT,CST-MUMBAI,KRMI,KARMALI,CSMT,CST-MUMBAI,569
1196,NGP-KRMI SPL,26,KRMI,KARMALI,NGP,NAGPUR JN.(CR),KRMI,KARMALI,1332
1301,PUNE-MAJN WE,17,MAJN,MANGALORE JN,PUNE,PUNE JN.,MAJN,MANGALORE JN,976
1302,MAJN-PUNE WE,17,PUNE,PUNE JN.,MAJN,MANGALORE JN,PUNE,PUNE JN.,973
1442,DSJ-KK MTY S,13,KK,KHADKI,DSJ,DELHI-SAFDAR JANG,KK,KHADKI,1581
1655,PUNE-JBP SPL,13,JBP,JABALPUR,PUNE,PUNE JN.,JBP,JABALPUR,1050
1656,JBP-PUNE SPL,13,PUNE,PUNE JN.,JBP,JABALPUR,PUNE,PUNE JN.,1050
1705,BDTS-JBP SF,14,JBP,JABALPUR,BDTS,BANDRA TERMINUS,JBP,JABALPUR,1261
1706,JBP-BDTS SF,14,BDTS,BANDRA TERMI,JBP,JABALPUR,BDTS,BANDRA TERMINUS,1262
1707,JBP-ATT BI-W,17,ATT,ATARI JN,JBP,JABALPUR,ATT,ATARI JN,1360
1708,ATT-JBP BI-W,17,JBP,JABALPUR,ATT,ATARI JN,JBP,JABALPUR,1362
2025,CSMT-KRMI SF,7,KRMI,KARMALI,CSMT,CST-MUMBAI,KRMI,KARMALI,579
2026,KRMI-CSMT SF,7,CSMT,CST-MUMBAI,KRMI,KARMALI,CSMT,CST-MUMBAI,569
2191,JBP-SRC SF S,16,SRC,SANTRAGACHI,JBP,JABALPUR,SRC,SANTRAGACHI JN.,1123
2192,SRC-JBP SF S,16,JBP,JABALPUR,SRC,SANTRAGACHI JN.,JBP,JABALPUR,1123
2195,REWA-BPL SF,10,BPL,BHOPAL,REWA,REWA,BPL,BHOPAL,551
2196,BPL-REWA SF,10,REWA,REWA,BPL,BHOPAL,REWA,REWA,549
2515,TVC-SCL SPL,58,SCL,SILCHAR,TVC,TRIVANDRUM CENTRAL,SCL,SILCHAR,3939
2651,PLNI-POY EXP,3,POY,POLLACHI,PLNI,PALANI,POY,POLLACHI,62
2652,POY-PLNI EXP,3,PLNI,PALANI,POY,POLLACHI,PLNI,PALANI,62
2731,HYB-JP HSP,29,JP,JAIPUR JN.,HYB,HYDERABAD DECCAN,JP,JAIPUR JN.,1854
2732,JP-HYB SPECI,29,HYB,HYDERABAD DE,JP,JAIPUR JN.,HYB,HYDERABAD DECCAN,1853
2821,PUNE-SRC AC,14,SRC,SANTRAGACHI,PUNE,PUNE JN.,SRC,SANTRAGACHI JN.,2066
2822,SRC-PUNE  AC,14,PUNE,PUNE JN.,SRC,SANTRAGACHI JN.,PUNE,PUNE JN.,2073
2833,RJT-SRC SF A,29,SRC,SANTRAGACHI,RJT,RAJKOT,SRC,SANTRAGACHI JN.,2332
2834,SRC-RJT SF A,29,RJT,RAJKOT,SRC,SANTRAGACHI JN.,RJT,RAJKOT,2351
2841,SRC MAS SPL,12,MAS,CHENNAI CENT,SRC,SANTRAGACHI JN.,MAS,CHENNAI CENTRAL,1656
2842,MAS SRC SPL,12,SRC,SANTRAGACHI,MAS,CHENNAI CENTRAL,SRC,SANTRAGACHI JN.,1656
2845,PUNE HTE SPL,17,HTE,HATIA,PUNE,PUNE JN.,HTE,HATIA,1770
2846,HTE-PUNE SPL,17,PUNE,PUNE JN.,HTE,HATIA,PUNE,PUNE JN.,1791
3101,KOAA PURI SP,9,PURI,PURI,KOAA,KOLKATA,PURI,PURI,523
3102,PURI KOAA SP,9,KOAA,KOLKATA,PURI,PURI,KOAA,KOLKATA,522
3301,ASN-DHN MEMU,13,DHN,DHANBAD JN.,ASN,ASANSOL MAIN,DHN,DHANBAD JN.,58
3302,DHN-ASN MEMU,13,ASN,ASANSOL MAIN,DHN,DHANBAD JN.,ASN,ASANSOL MAIN,58
3305,DHN-KUSUNDA,2,KDS,KUSUNDA,DHN,DHANBAD JN.,KDS,KUSUNDA,3
3306,KUSUNDA-DHN,2,DHN,DHANBAD JN.,KDS,KUSUNDA,DHN,DHANBAD JN.,3
3307,SZE-PLJE MEM,4,PLJE,PHULWARTANR,SZE,SONARDIH,PLJE,PHULWARTANR,4
3308,PLJE-SZE MEM,4,SZE,SONARDIH,PLJE,PHULWARTANR,SZE,SONARDIH,4
3501,JSME-ANVT BI,5,ANVT,ANAND VIHAR,JSME,JASIDIH JN.,ANVT,ANAND VIHAR TERMINAL,1193
3502,ANVT-JSME BI,5,JSME,JASIDIH JN.,ANVT,ANAND VIHAR TERMINAL,JSME,JASIDIH JN.,1193
4401,ANVT-UHP EXP,13,SVDK,SHRI MATA VA,ANVT,ANAND VIHAR TERMINAL,SVDK,SHRI MATA VAISHNO DEVI KATRA,710
4402,UHP-ANVT EXP,13,ANVT,ANAND VIHAR,SVDK,SHRI MATA VAISHNO DEVI KATRA,ANVT,ANAND VIHAR TERMINAL,710
4409,DLI-SVDK SPL,7,SVDK,SHRI MATA VA,DLI,DELHI JN.,SVDK,SHRI MATA VAISHNO DEVI KATRA,653
4410,SVDK-DLI SPL,7,DLI,DELHI JN.,SVDK,SHRI MATA VAISHNO DEVI KATRA,DLI,DELHI JN.,653
4419,MAO-NZM WINT,13,NZM,HAZRAT NIZAM,MAO,MADGOAN JN.,NZM,HAZRAT NIZAMUDDIN JN,1916
4420,NZM-MAO WINT,13,MAO,MADGOAN JN.,NZM,HAZRAT NIZAMUDDIN JN,MAO,MADGOAN JN.,1924
4735,BKN - HW EXP,17,HW,HARIDWAR JN,BKN,BIKANER JN.,HW,HARIDWAR JN,691
4736,HW - BKN EXP,17,BKN,BIKANER JN.,HW,HARIDWAR JN,BKN,BIKANER JN.,691
4767,HMH-SGNR SPL,10,SGNR,SHRI GANGANA,HMH,HANUMANGARH JN.,SGNR,SHRI GANGANAGAR,67
4768,SGNR-HMH SPL,10,HMH,HANUMANGARH,SGNR,SHRI GANGANAGAR,HMH,HANUMANGARH JN.,67
4769,HMH SGNR PAS,10,SGNR,SHRI GANGANA,HMH,HANUMANGARH JN.,SGNR,SHRI GANGANAGAR,67
4770,SGNR HMH PAS,10,HMH,HANUMANGARH,SGNR,SHRI GANGANAGAR,HMH,HANUMANGARH JN.,67
4771,SDLP-SGNR SP,24,SGNR,SHRI GANGANA,SDLP,SADULPUR JN,SGNR,SHRI GANGANAGAR,232
4772,SGNR-SDLP SP,24,SDLP,SADULPUR JN,SGNR,SHRI GANGANAGAR,SDLP,SADULPUR JN,232
4773,SGNR SOG SPL,16,SOG,SURATGARH JN,SGNR,SHRI GANGANAGAR,SOG,SURATGARH JN.,125
4774,SOG SGNR SPL,10,SGNR,SHRI GANGANA,SOG,SURATGARH JN.,SGNR,SHRI GANGANAGAR,125
4801,PBC MKN PASS,3,MKN,MAKRANA JN.,PBC,PARVATSAR CITY,MKN,MAKRANA JN.,21
4802,MKN PBC PASS,3,PBC,PARVATSAR CI,MKN,MAKRANA JN.,PBC,PARVATSAR CITY,21
4831,JU HW SPL,22,HW,HARIDWAR JN,JU,JODHPUR JN.,HW,HARIDWAR JN,882
4832,HW JU SPL,22,JU,JODHPUR JN.,HW,HARIDWAR JN,JU,JODHPUR JN.,881
4851,MTD RTGH SPL,21,RTGH,RATANAGARH J,MTD,MERTA ROAD JN.,RTGH,RATANAGARH JN,197
4852,RTGH MTD SPL,21,MTD,MERTA ROAD J,RTGH,RATANAGARH JN,MTD,MERTA ROAD JN.,197
4853,RTGH CUR SPL,6,CUR,CHURU,RTGH,RATANAGARH JN,CUR,CHURU,42
4854,CUR RTGH SPL,6,RTGH,RATANAGARH J,CUR,CHURU,RTGH,RATANAGARH JN,42
4921,SRE-UMB MEMU,13,UMB,AMBALA CANTT,SRE,SAHARANPUR JN.,UMB,AMBALA CANTT JN,81
4922,UMB-SRE MEMU,13,SRE,SAHARANPUR J,UMB,AMBALA CANTT JN,SRE,SAHARANPUR JN.,81
4991,PTK-JAT DEMU,14,JAT,JAMMU TAWI,PTK,PATHANKOT JN.,JAT,JAMMU TAWI,99
4992,JAT-PTK DEMU,14,PTK,PATHANKOT JN,JAT,JAMMU TAWI,PTK,PATHANKOT JN.,99
5061,GKP - BNY SP,5,BNY,BARHNI,GKP,GORAKHPUR JN.,BNY,BARHNI,112
5062,BNY - GKP SP,5,GKP,GORAKHPUR JN,BNY,BARHNI,GKP,GORAKHPUR JN.,112
5065,CPR-LJN,15,LJN,LUCKNOW JN.,CPR,CHHAPRA JN.,LJN,LUCKNOW JN.,503
5066,LJN-CPR-EXP,15,CPR,CHHAPRA JN.,LJN,LUCKNOW JN.,CPR,CHHAPRA JN.,505
5105,GKP-BST SPL,4,BST,BASTI,GKP,GORAKHPUR JN.,BST,BASTI,64
5106,BST-GKP SPL,4,GKP,GORAKHPUR JN,BST,BASTI,GKP,GORAKHPUR JN.,64
5305,CPA-FBD EXP,11,FBD,FARRUKHABAD,CPA,KANPUR ANWARGANJ,FBD,FARRUKHABAD JN,136
5306,FBD- CPA EXP,11,CPA,KANPUR ANWAR,FBD,FARRUKHABAD JN,CPA,KANPUR ANWARGANJ,136
5309,BC-LKU SPL,6,LKU,LALKUA JN.,BC,BAREILLY CITY,LKU,LALKUA JN.,81
5310,LKU-BC EXP,6,BC,BAREILLY CIT,LKU,LALKUA JN.,BC,BAREILLY CITY,81
5521,JMP-SHC SPEC,12,SHC,SAHARSA JN.,JMP,JAMALPUR JN.,SHC,SAHARSA JN.,81
5522,SHC-JMP SPEC,12,JMP,JAMALPUR JN.,SHC,SAHARSA JN.,JMP,JAMALPUR JN.,81
5613,JLWC-KOTA SP,11,KOTA,KOTA,JLWC,JHALAWAR CITY,KOTA,KOTA,85
5614,KOTA-JLWC SP,9,JLWC,JHALAWAR CIT,KOTA,KOTA,JLWC,JHALAWAR CITY,85
5619,NLP - MZS PA,20,MZS,MURKEONG SEL,NLP,NORTH LAKHIMPUR,MZS,MURKEONG SELEK,153
5620,MZS - NLP PA,20,NLP,NORTH LAKHIM,MZS,MURKEONG SELEK,NLP,NORTH LAKHIMPUR,153
5631,GHY - SCL PA,10,SCL,SILCHAR,GHY,GUWAHATI,SCL,SILCHAR,380
5632,SCL - GHY PA,10,GHY,GUWAHATI,SCL,SILCHAR,GHY,GUWAHATI,379
5715,GAREEB NAWAZ,2,KNE,KISHANGANJ,NJP,NEW JALPAIGURI JN,KNE,KISHANGANJ,87
5716,GAREEB NAWAZ,2,NJP,NEW JALPAIGU,KNE,KISHANGANJ,NJP,NEW JALPAIGURI JN,87
5719,KIR - SGUJ D,11,SGUJ,SILIGURI JN.,KIR,KATIHAR JN.,SGUJ,SILIGURI JN.,204
5720,SGUJ - KIR D,11,KIR,KATIHAR JN.,SGUJ,SILIGURI JN.,KIR,KATIHAR JN.,205
5863,RNY - RPAN P,15,RPAN,RANGAPARA NO,RNY,RANGIYA JN.,RPAN,RANGAPARA NORTH,89
5864,RPAN - RNY P,15,RNY,RANGIYA JN.,RPAN,RANGAPARA NORTH,RNY,RANGIYA JN.,88
5865,RNY - MZS PA,53,MZS,MURKEONG SEL,RNY,RANGIYA JN.,MZS,MURKEONG SELEK,426
5866,MZS - RNY PA,53,RNY,RANGIYA JN.,MZS,MURKEONG SELEK,RNY,RANGIYA JN.,425
6001,MS-TEN SPECI,14,TEN,TIRUNELVELI,MS,CHENNAI EGMORE,TEN,TIRUNELVELI JN,649
6002,TEN - MS SPE,15,MS,CHENNAI EGMO,TEN,TIRUNELVELI JN,MS,CHENNAI EGMORE,649
6006,ERS-MAS SPL,14,MAS,CHENNAI CENT,ERS,ERNAKULAM. JN,MAS,CHENNAI CENTRAL,699
6009,SRC-PDY SPL,27,PDY,PONDICHERRY,SRC,SANTRAGACHI JN.,PDY,PONDICHERRY,1844
6010,PDY-SRC SPL,27,SRC,SANTRAGACHI,PDY,PONDICHERRY,SRC,SANTRAGACHI JN.,1843
6041,MAS-QLN SPEC,19,QLN,QUILON,MAS,CHENNAI CENTRAL,QLN,QUILON,849
6042,QLN-MAS SPEC,20,MAS,CHENNAI CENT,QLN,QUILON,MAS,CHENNAI CENTRAL,851
6043,MAS-QLN SPL,18,QLN,QUILON,MAS,CHENNAI CENTRAL,QLN,QUILON,849
6044,QLN-MAS  SPL,19,MAS,CHENNAI CENT,QLN,QUILON,MAS,CHENNAI CENTRAL,852
6046,QLN-MAS SPEC,19,MAS,CHENNAI CENT,QLN,QUILON,MAS,CHENNAI CENTRAL,852
6047,MAS-QLN SPL,19,QLN,QUILON,MAS,CHENNAI CENTRAL,QLN,QUILON,849
6048,QLN- MAS SPL,20,MAS,CHENNAI CENT,QLN,QUILON,MAS,CHENNAI CENTRAL,852
6049,MS-QLN SPL F,19,QLN,QUILON,MS,CHENNAI EGMORE,QLN,QUILON,855
6050,QLN-MS  SPL,20,MS,CHENNAI EGMO,QLN,QUILON,MS,CHENNAI EGMORE,857
6053,KCVL-MAJN S/,14,MAJN,MANGALORE JN,KCVL,KOCHUVELI,MAJN,MANGALORE JN,626
6054,MAJN-KCVL S/,14,KCVL,KOCHUVELI,MAJN,MANGALORE JN,KCVL,KOCHUVELI,627
6057,SRC-MAS  SPL,19,MAS,CHENNAI CENT,SRC,SANTRAGACHI JN.,MAS,CHENNAI CENTRAL,1656
6058,MAS-SRC  EXP,19,SRC,SANTRAGACHI,MAS,CHENNAI CENTRAL,SRC,SANTRAGACHI JN.,1655
6065,CGL-MDU SPL,13,MDU,MADURAI JN,CGL,CHENGALPATTU,MDU,MADURAI JN,500
6066,MDU-CGL SPL,13,CGL,CHENGALPATTU,MDU,MADURAI JN,CGL,CHENGALPATTU,501
6067,CGL-CBE TRI-,9,CBE,COIMBATORE,CGL,CHENGALPATTU,CBE,COIMBATORE  JN.,522
6068,CBE-CGL TRI-,9,CGL,CHENGALPATTU,CBE,COIMBATORE  JN.,CGL,CHENGALPATTU,522
6081,CBE-POY PASS,4,POY,POLLACHI,CBE,COIMBATORE  JN.,POY,POLLACHI,45
6082,POY-CBE PASS,4,CBE,COIMBATORE,POY,POLLACHI,CBE,COIMBATORE  JN.,45
6412,DSJ-PAY EZHI,21,PAY,PAYYANUR,DSJ,DELHI-SAFDAR JANG,PAY,PAYYANUR,2462
6512,MKM-BAND ONE,14,BAND,BANASWADI,MKM,MARIKUPPAM,BAND,BANASWADI,77
6513,BWT-MKM-MEMU,6,MKM,MARIKUPPAM,BWT,BANGARPET JN.,MKM,MARIKUPPAM,17
6541,YPR-PVR WEEK,14,PVR,PANDHARPUR,YPR,YESVANTPUR JN.,PVR,PANDHARPUR,881
6542,PVR-YPR WEEK,14,YPR,YESVANTPUR J,PVR,PANDHARPUR,YPR,YESVANTPUR JN.,878
6547,YPR-ERS WEEK,14,ERS,ERNAKULAM. J,YPR,YESVANTPUR JN.,ERS,ERNAKULAM. JN,632
6548,ERS-YPR WEEK,13,YPR,YESVANTPUR J,ERS,ERNAKULAM. JN,YPR,YESVANTPUR JN.,634
6579,YPR-VSKP WKY,21,VSKP,VISAKHAPATNA,YPR,YESVANTPUR JN.,VSKP,VISAKHAPATNAM,1089
6580,VSKP-YPR WKY,21,YPR,YESVANTPUR J,VSKP,VISAKHAPATNAM,YPR,YESVANTPUR JN.,1086
6581,YPR-BGM TATK,85,BGM,BELGAUM,YPR,YESVANTPUR JN.,BGM,BELGAUM,607
6582,BGM-YPR TATK,85,YPR,YESVANTPUR J,BGM,BELGAUM,YPR,YESVANTPUR JN.,604
6591,YPR-HSRA PAS,9,HSRA,HOSUR,YPR,YESVANTPUR JN.,HSRA,HOSUR,62
6592,HSRA-YPR PAS,9,YPR,YESVANTPUR J,HSRA,HOSUR,YPR,YESVANTPUR JN.,61
6593,WFD-BYPL DEM,4,BYPL,BAIYYAPPANAH,WFD,WHITE FIELD,BYPL,BAIYYAPPANAHALLI,10
6594,BYPL-WFD DEM,4,WFD,WHITE FIELD,BYPL,BAIYYAPPANAHALLI,WFD,WHITE FIELD,10
6595,YPR-CBP PASS,7,DHL,WHITE FIELD,YPR,YESVANTPUR JN.,DHL,DEVANHALLI,33
6596,CBP-YPR PASS,7,YPR,YESVANTPUR J,DHL,DEVANHALLI,YPR,YESVANTPUR JN.,33
6647,KRBA-BSP PAS,8,BSP,BILASPUR JN.,KRBA,KORBA,BSP,BILASPUR JN.,89
6648,BSP-KRRBA PA,8,KRBA,KORBA,BSP,BILASPUR JN.,KRBA,KORBA,89
6769,PGTN-PLNI PA,11,PLNI,PALANI,PGTN,PALGHAT TOWN,PLNI,PALANI,116
6770,PLNI-PGTN PA,11,PGTN,PALGHAT TOWN,PLNI,PALANI,PGTN,PALGHAT TOWN,116
6851,KIK-NCR DEMU,3,NCR,NAGORE,KIK,KARAIKAL,NCR,NAGORE,10
6852,NCR-KIK DEMU,3,KIK,KARAIKAL,NCR,NAGORE,KIK,KARAIKAL,10
6853,KIK-NCR PASS,3,NCR,NAGORE,KIK,KARAIKAL,NCR,NAGORE,10
6854,NCR-KIK PASS,3,KIK,KARAIKAL,NCR,NAGORE,KIK,KARAIKAL,10
6919,UBL-BJP SPL,32,KDGI,KUDGI H,UBL,HUBLI JN.,BJP,BIJAPUR JN,208
6919,UBL-BJP SPL,38,BJP,BIJAPUR JN,UBL,HUBLI JN.,BJP,BIJAPUR JN,247
6920,BJP-UBL SPL,38,UBL,HUBLI JN.,BJP,BIJAPUR JN,UBL,HUBLI JN.,248
7005,HYB-RXL,34,RXL,RAXAUL JN.,HYB,HYDERABAD DECCAN,RXL,RAXAUL JN.,2276
7007,SC-DBG,27,DBG,DARBHANGA JN,SC,SECUNDERABAD JN.,DBG,DARBHANGA JN.,2023
7008,DBG-SC,28,SC,SECUNDERABAD,DBG,DARBHANGA JN.,SC,SECUNDERABAD JN.,2033
7016,KCG-VSKP,18,VSKP,VISAKHAPATNA,KCG,KACHEGUDA,VSKP,VISAKHAPATNAM,670
7044,VSKP HSP,11,VSKP,VISAKHAPATNA,TPTY,TIRUPATI,VSKP,VISAKHAPATNAM,735
7061,COA-VLNK,8,BZA,VIJAYWADA JN,COA,KAKINADA PORT,BZA,VIJAYWADA JN.,217
7062,VLNK-BZA,14,TPTY,TIRUPATI,BZA,VIJAYWADA JN.,COA,KAKINADA PORT,437
7075,HYB-COA,17,CCT,KAKINADA TOW,SC,SECUNDERABAD JN.,CCT,KAKINADA TOWN,554
7076,COA-HYB,17,SC,SECUNDERABAD,CCT,KAKINADA TOWN,SC,SECUNDERABAD JN.,553
7109,HYB-QLN,40,QLN,QUILON,HYB,HYDERABAD DECCAN,QLN,QUILON,1589
7110,QLN-HYB,40,HYB,HYDERABAD DE,QLN,QUILON,HYB,HYDERABAD DECCAN,1593
7134,QLN-GNT-HYB,39,HYB,HYDERABAD DE,QLN,QUILON,HYB,HYDERABAD DECCAN,1511
7141,HYB-QLN,39,QLN,QUILON,HYB,HYDERABAD DECCAN,QLN,QUILON,1560
7142,QLN-HYB,39,HYB,HYDERABAD DE,QLN,QUILON,HYB,HYDERABAD DECCAN,1563
7211,CCT-QLN,36,QLN,QUILON,CCT,KAKINADA TOWN,QLN,QUILON,1433
7212,QLN-COA,36,CCT,KAKINADA TOW,QLN,QUILON,CCT,KAKINADA TOWN,1436
7217,NS-QLN,37,QLN,QUILON,NS,NARASAPUR,QLN,QUILON,1360
7218,QLN-NS,37,NS,NARASAPUR,QLN,QUILON,NS,NARASAPUR,1363
7410,TPTY-AK,29,AWB,AURANGABAD,TPTY,TIRUPATI,AWB,AURANGABAD,1147
7417,TPTY-NSL HSP,33,NSL,NAGARSOL,TPTY,TIRUPATI,NSL,NAGARSOL,1330
7418,NSL-TPTY HSP,33,TPTY,TIRUPATI,NSL,NAGARSOL,TPTY,TIRUPATI,1331
7425,KCG--COA HSP,15,COA,KAKINADA POR,KCG,KACHEGUDA,COA,KAKINADA PORT,537
7426,COA-KCG HSP,15,KCG,KACHEGUDA,COA,KAKINADA PORT,KCG,KACHEGUDA,537
7429,SC-TPTY,11,TPTY,TIRUPATI,SC,SECUNDERABAD JN.,TPTY,TIRUPATI,742
7430,TPTY-SC,11,SC,SECUNDERABAD,TPTY,TIRUPATI,SC,SECUNDERABAD JN.,744
7431,CCT-TPTY,13,TPTY,TIRUPATI,CCT,KAKINADA TOWN,TPTY,TIRUPATI,597
7432,TPTY-CCT,14,CCT,KAKINADA TOW,TPTY,TIRUPATI,CCT,KAKINADA TOWN,597
7435,COA-HYB,14,SC,SECUNDERABAD,CCT,KAKINADA TOWN,SC,SECUNDERABAD JN.,555
7436,SC-COA,15,CCT,KAKINADA TOW,SC,SECUNDERABAD JN.,CCT,KAKINADA TOWN,554
7438,KCG-TATA HSP,28,TATA,TATANAGAR JN,KCG,KACHEGUDA,TATA,TATANAGAR JN,1533
7439,TATA-KCG HSP,28,KCG,KACHEGUDA,TATA,TATANAGAR JN,KCG,KACHEGUDA,1533
7487,TPTY-VSKP,11,VSKP,VISAKHAPATNA,TPTY,TIRUPATI,VSKP,VISAKHAPATNAM,735
7505,AWB-QLN,49,QLN,QUILON,AWB,AURANGABAD,QLN,QUILON,1973
7509,ADB-QLN,47,QLN,QUILON,ADB,ADILABAD,QLN,QUILON,1886
7517,BIDAR-PVR,9,PVR,PANDHARPUR,BIDR,BIDAR,PVR,PANDHARPUR,350
7525,NJP - NBQ DE,33,NBQ,NEW BONGAIGA,SGUJ,SILIGURI JN.,NBQ,NEW BONGAIGAON  JN.,322
7526,NBQ - NJP DE,33,SGUJ,SILIGURI JN.,NBQ,NEW BONGAIGAON  JN.,SGUJ,SILIGURI JN.,322
7603,KCG-KJM HSP,14,KJM,KRISHNA RAJA,KCG,KACHEGUDA,KJM,KRISHNA RAJA PURAM,624
7604,KJM-KCG HSP,14,KCG,KACHEGUDA,KJM,KRISHNA RAJA PURAM,KCG,KACHEGUDA,624
7607,NED-TPTY HOL,19,TPTY,TIRUPATI,NED,NANDED,TPTY,TIRUPATI,1014
7608,TPTY-NED,19,NED,NANDED,TPTY,TIRUPATI,NED,NANDED,1016
7613,sabarimalai,38,QLN,QUILON,NZB,NIZAMABAD,QLN,QUILON,1636
7614,sabarimalai,39,NZB,NIZAMABAD,QLN,QUILON,NZB,NIZAMABAD,1641
7644,tpty spl,11,TPTY,TIRUPATI,CCT,KAKINADA TOWN,TPTY,TIRUPATI,597
7645,RU-CCT,10,CCT,KAKINADA TOW,RU,RENIGUNTA JN.,CCT,KAKINADA TOWN,587
7757,SC-BZA  SPL,6,BZA,VIJAYWADA JN,SC,SECUNDERABAD JN.,BZA,VIJAYWADA JN.,314
7758,BZA-SC  SPL,6,SC,SECUNDERABAD,BZA,VIJAYWADA JN.,SC,SECUNDERABAD JN.,314
7941,CCT-TPTY HSP,12,RU,RENIGUNTA JN,CCT,KAKINADA TOWN,RU,RENIGUNTA JN.,587
7942,TPTY-COASPL,13,CCT,KAKINADA TOW,TPTY,TIRUPATI,CCT,KAKINADA TOWN,597
8001,KGP-JGM BI-W,2,JGM,JHARGRAM,KGP,KHARAGPUR,JGM,JHARGRAM,39
8002,JGM-KGP BI-W,2,KGP,KHARAGPUR,JGM,JHARGRAM,KGP,KHARAGPUR,39
8014,MDN-KGP MEMU,4,KGP,KHARAGPUR,MDN,MIDNAPORE,KGP,KHARAGPUR,12
8017,KGP-JGM MEMU,6,JGM,JHARGRAM,KGP,KHARAGPUR,JGM,JHARGRAM,39
8018,JGM-KGP MEMU,6,KGP,KHARAGPUR,JGM,JHARGRAM,KGP,KHARAGPUR,39
8035,BLS - KGP DE,19,BLS,BALASORE,KGP,KHARAGPUR,BLS,BALASORE,120
8036,BLS - KGP ME,19,KGP,KHARAGPUR,BLS,BALASORE,KGP,KHARAGPUR,120
8052,JGM KGP MEMU,5,KGP,KHARAGPUR,JGM,JHARGRAM,KGP,KHARAGPUR,39
8061,SHM JP SPL W,24,JP,JAIPUR JN.,SHM,SHALIMAR,JP,JAIPUR JN.,1847
8062,JP SHM SPL W,24,SHM,SHALIMAR,JP,JAIPUR JN.,SHM,SHALIMAR,1838
8063,KGP-BQA DEMU,17,BQA,BANKURA,KGP,KHARAGPUR,BQA,BANKURA,115
8064,BQA-KGP DEMU,16,HWH,HOWRAH JN.,BQA,BANKURA,KGP,KHARAGPUR,2039
8065,KGP-BQA MEMU,17,BQA,BANKURA,KGP,KHARAGPUR,BQA,BANKURA,115
8082,BQA-VSU MEMU,6,VSU,BISHNUPUR,BQA,BANKURA,VSU,BISHNUPUR,30
8087,VSU-BQA MEMU,6,BQA,BANKURA,VSU,BISHNUPUR,BQA,BANKURA,30
8101,CBSA CKP DEM,5,CKP,CHAKARADHARP,CBSA,CHAIBASA,CKP,CHAKARADHARPUR,40
8102,CKP-CBSA DEM,5,CBSA,CHAIBASA,CKP,CHAKARADHARPUR,CBSA,CHAIBASA,40
8301,SBP-BAND WEE,15,BAND,BANASWADI,SBP,SAMBALPUR JN.,BAND,BANASWADI,1567
8302,BAND-SBP WEE,15,SBP,SAMBALPUR JN,BAND,BANASWADI,SBP,SAMBALPUR JN.,1567
8403,PURI-SRC WEE,9,SRC,SANTRAGACHI,PURI,PURI,SRC,SANTRAGACHI JN.,495
8404,SRC-PURI WEE,9,PURI,PURI,SRC,SANTRAGACHI JN.,PURI,PURI,497
8501,VSKP SC WEEK,13,SC,SECUNDERABAD,VSKP,VISAKHAPATNAM,SC,SECUNDERABAD JN.,700
8502,SC VSKP SPEC,13,VSKP,VISAKHAPATNA,SC,SECUNDERABAD JN.,VSKP,VISAKHAPATNAM,698
8511,KRDL-VSKP SP,12,VSKP,VISAKHAPATNA,KRDL,KIRANDUL,VSKP,VISAKHAPATNAM,471
8512,VSKP-KRDL SP,12,KRDL,KIRANDUL,VSKP,VISAKHAPATNAM,KRDL,KIRANDUL,471
8567,VSKP-QLN BI-,29,QLN,QUILON,VSKP,VISAKHAPATNAM,QLN,QUILON,1571
8568,QLN-VSKP BI-,29,VSKP,VISAKHAPATNA,QLN,QUILON,VSKP,VISAKHAPATNAM,1578
8573,VSKP-TPTY WE,15,TPTY,TIRUPATI,VSKP,VISAKHAPATNAM,TPTY,TIRUPATI,760
8574,TPTY-VSKP SP,15,VSKP,VISAKHAPATNA,TPTY,TIRUPATI,VSKP,VISAKHAPATNAM,759
8581,BPQ CAF PASS,2,CAF,CHANDAFORT,BPQ,BALHARSHAH,CAF,CHANDAFORT,11
8582,CAF BPQ SPL,2,BPQ,BALHARSHAH,CAF,CHANDAFORT,BPQ,BALHARSHAH,11
8617,RNC ANVT SPL,15,ANVT,ANAND VIHAR,RNC,RANCHI,ANVT,ANAND VIHAR TERMINAL,1365
8618,ANVT RNC SPL,15,RNC,RANCHI,ANVT,ANAND VIHAR TERMINAL,RNC,RANCHI,1356
8627,HWH RNC SPL,13,RNC,RANCHI,HWH,HOWRAH JN.,RNC,RANCHI,484
8628,RNC HWH  SPL,14,HWH,HOWRAH JN.,RNC,RANCHI,HWH,HOWRAH JN.,481
8872,DURG-G PASS,17,G,GONDIA JN.,DURG,DURG,G,GONDIA JN.,133
9003,BDTS NZM  SF,5,NZM,HAZRAT NIZAM,BDTS,BANDRA TERMINUS,NZM,HAZRAT NIZAMUDDIN JN,1355
9004,NZM  BDTS SF,5,BDTS,BANDRA TERMI,NZM,HAZRAT NIZAMUDDIN JN,BDTS,BANDRA TERMINUS,1358
9005,BCT NDLS BI,4,NDLS,NEW DELHI,BCT,MUMBAI CENTRAL,NDLS,NEW DELHI,1373
9006,NDLS BCT BI,4,BCT,MUMBAI CENTR,NDLS,NEW DELHI,BCT,MUMBAI CENTRAL,1376
9011,BDTS BKN WEE,20,BKN,BIKANER JN.,BDTS,BANDRA TERMINUS,BKN,BIKANER JN.,1209
9012,BKN BDTS WEE,20,BDTS,BANDRA TERMI,BKN,BIKANER JN.,BDTS,BANDRA TERMINUS,1211
9433,BDTS GIMB WE,14,GIMB,GANDHIDHAM J,BDTS,BANDRA TERMINUS,GIMB,GANDHIDHAM JN.,780
9434,GIMB BDTS WE,14,BDTS,BANDRA TERMI,GIMB,GANDHIDHAM JN.,BDTS,BANDRA TERMINUS,780
9621,AII BDTS SF,12,BDTS,BANDRA TERMI,AII,AJMER JN.,BDTS,BANDRA TERMINUS,1281
9622,BDTS AII SF,12,AII,AJMER JN.,BDTS,BANDRA TERMINUS,AII,AJMER JN.,1281
9721,JP UDZ SF SP,12,UDZ,UDAIPUR CITY,JP,JAIPUR JN.,UDZ,UDAIPUR CITY,429
9722,UDZ JP SF SP,12,JP,JAIPUR JN.,UDZ,UDAIPUR CITY,JP,JAIPUR JN.,429
9761,SGNR-SOG SPL,13,SOG,SURATGARH JN,SGNR,SHRI GANGANAGAR,SOG,SURATGARH JN.,125
9809,KOTA-NZM DAI,11,NZM,HAZRAT NIZAM,KOTA,KOTA,NZM,HAZRAT NIZAMUDDIN JN,447
9810,NZM-KOTA DAI,11,KOTA,KOTA,NZM,HAZRAT NIZAMUDDIN JN,KOTA,KOTA,450
10103,MANDOVI EXPR,20,MAO,MADGOAN JN.,CSMT,CST-MUMBAI,MAO,MADGOAN JN.,590
10104,MANDOVI EXPR,20,CSMT,CST-MUMBAI,MAO,MADGOAN JN.,CSMT,CST-MUMBAI,594
10111,KONKAN KANYA,20,MAO,MADGOAN JN.,CSMT,CST-MUMBAI,MAO,MADGOAN JN.,590
10112,KONKAN KANYA,20,CSMT,CST-MUMBAI,MAO,MADGOAN JN.,CSMT,CST-MUMBAI,594
10215,MAO-ERS,13,ERS,ERNAKULAM. J,MAO,MADGOAN JN.,ERS,ERNAKULAM. JN,726
10216,ERS-MAO SPL,13,MAO,MADGOAN JN.,ERS,ERNAKULAM. JN,MAO,MADGOAN JN.,727
11001,SNSI-PVR EXP,12,PVR,PANDHARPUR,SNSI,SAI NAGAR SHIRDI,PVR,PANDHARPUR,348
11002,PVR-SNSI EXP,12,SNSI,SAI NAGAR SH,PVR,PANDHARPUR,SNSI,SAI NAGAR SHIRDI,348
11003,DR-SWV TUTAR,21,SWV,SAWANTWADI R,DR,DADAR,SWV,SAWANTWADI ROAD,502
11004,SWV-DR TUTAR,21,DR,DADAR,SWV,SAWANTWADI ROAD,DR,DADAR,504
11005,DR-PDY EXPRE,39,PDY,PONDICHERRY,DR,DADAR,PDY,PONDICHERRY,1636
11006,CHALUKYA EXP,38,DR,DADAR,PDY,PONDICHERRY,DR,DADAR,1639
11007,DECCAN EXPRE,12,PUNE,PUNE JN.,CSMT,CST-MUMBAI,PUNE,PUNE JN.,191
11008,DECCAN EXPRE,11,CSMT,CST-MUMBAI,PUNE,PUNE JN.,CSMT,CST-MUMBAI,191
11009,SINHAGAD EXP,12,PUNE,PUNE JN.,CSMT,CST-MUMBAI,PUNE,PUNE JN.,191
11010,SINHAGAD EXP,11,CSMT,CST-MUMBAI,PUNE,PUNE JN.,CSMT,CST-MUMBAI,191
11011,LTT-NED EXPR,16,NED,NANDED,LTT,LOKMANYA TILAK TERMINUS,NED,NANDED,723
11012,NED-LTT  EXP,16,LTT,LOKMANYA TIL,NED,NANDED,LTT,LOKMANYA TILAK TERMINUS,723
11013,COIMBATORE E,34,CBE,COIMBATORE,LTT,LOKMANYA TILAK TERMINUS,CBE,COIMBATORE  JN.,1515
11014,LOKMANYA TT,34,LTT,LOKMANYA TIL,CBE,COIMBATORE  JN.,LTT,LOKMANYA TILAK TERMINUS,1515
11015,KUSHINAGAR E,47,GKP,GORAKHPUR JN,LTT,LOKMANYA TILAK TERMINUS,GKP,GORAKHPUR JN.,1678
11016,KUSHINAGAR E,46,LTT,LOKMANYA TIL,GKP,GORAKHPUR JN.,LTT,LOKMANYA TILAK TERMINUS,1677
11017,LTT-KIK WEEK,30,KIK,KARAIKAL,LTT,LOKMANYA TILAK TERMINUS,KIK,KARAIKAL,1631
11018,KARAIKAL LTT,30,LTT,LOKMANYA TIL,KIK,KARAIKAL,LTT,LOKMANYA TILAK TERMINUS,1634
11019,KONARK EXPRE,39,BBS,BHUBANESWAR,CSMT,CST-MUMBAI,BBS,BHUBANESWAR,1941
11020,KONARK EXPRE,40,CSMT,CST-MUMBAI,BBS,BHUBANESWAR,CSMT,CST-MUMBAI,1941
11021,DR-TEN EXPRE,40,TEN,TIRUNELVELI,DR,DADAR,TEN,TIRUNELVELI JN,1843
11022,TEN - DR EXP,39,DR,DADAR,TEN,TIRUNELVELI JN,DR,DADAR,1845
11023,SAHYADRI EXP,28,KOP,CHHATRAPATI,CSMT,CST-MUMBAI,KOP,CHHATRAPATI SHAHU MAHARAJ TERMINUS,517
11027,CSMT-MAS MAI,52,MAS,CHENNAI CENT,CSMT,CST-MUMBAI,MAS,CHENNAI CENTRAL,1281
11028,MAS-CSMT MUM,52,CSMT,CST-MUMBAI,MAS,CHENNAI CENTRAL,CSMT,CST-MUMBAI,1283
11029,KOYNA EXPRES,35,KOP,CHHATRAPATI,CSMT,CST-MUMBAI,KOP,CHHATRAPATI SHAHU MAHARAJ TERMINUS,517
11030,KOYNA EXPRES,34,CSMT,CST-MUMBAI,KOP,CHHATRAPATI SHAHU MAHARAJ TERMINUS,CSMT,CST-MUMBAI,517
11031,SUR-BJP EPXR,5,BJP,BIJAPUR JN,SUR,SOLAPUR,BJP,BIJAPUR JN,108
11032,BJP-SUR EXPR,5,SUR,SOLAPUR,BJP,BIJAPUR JN,SUR,SOLAPUR,108
11033,PUNE-DBG EXP,30,DBG,DARBHANGA JN,PUNE,PUNE JN.,DBG,DARBHANGA JN.,1955
11034,DBG-PUNE EXP,30,PUNE,PUNE JN.,DBG,DARBHANGA JN.,PUNE,PUNE JN.,1953
11035,SHARAVATHI E,27,MYS,MYSORE JN.,DR,DADAR,MYS,MYSORE JN.,1210
11036,SHARAVATI EX,26,DR,DADAR,MYS,MYSORE JN.,DR,DADAR,1213
11037,PUNE-GKP EXP,17,GKP,GORAKHPUR JN,PUNE,PUNE JN.,GKP,GORAKHPUR JN.,1777
11038,GKP-PUNE EXP,17,PUNE,PUNE JN.,GKP,GORAKHPUR JN.,PUNE,PUNE JN.,1777
11039,MAHARASHTRA,62,G,GONDIA JN.,KOP,CHHATRAPATI SHAHU MAHARAJ TERMINUS,G,GONDIA JN.,1352
11040,MAHARASHTRA,60,KOP,CHHATRAPATI,G,GONDIA JN.,KOP,CHHATRAPATI SHAHU MAHARAJ TERMINUS,1353
11041,CSMT -MAS EX,36,MAS,CHENNAI CENT,CSMT,CST-MUMBAI,MAS,CHENNAI CENTRAL,1281
11042,MAS-CSMT MUM,34,CSMT,CST-MUMBAI,MAS,CHENNAI CENTRAL,CSMT,CST-MUMBAI,1283
11043,LTT-MADURAI,27,MDU,MADURAI JN,LTT,LOKMANYA TILAK TERMINUS,MDU,MADURAI JN,1696
11044,LOKAMANYA TT,26,LTT,LOKMANYA TIL,MDU,MADURAI JN,LTT,LOKMANYA TILAK TERMINUS,1700
11045,DIKSHABHOOMI,39,DHN,DHANBAD JN.,KOP,CHHATRAPATI SHAHU MAHARAJ TERMINUS,DHN,DHANBAD JN.,2894
11046,DIKSHABHUMI,39,KOP,CHHATRAPATI,DHN,DHANBAD JN.,KOP,CHHATRAPATI SHAHU MAHARAJ TERMINUS,2892
11047,MRJ UBL EXP,12,UBL,HUBLI JN.,MRJ,MIRAJ JN.,UBL,HUBLI JN.,278
11048,UBL MRJ EXPR,12,MRJ,MIRAJ JN.,UBL,HUBLI JN.,MRJ,MIRAJ JN.,279
11049,ADI-KOP EXPR,18,KOP,CHHATRAPATI,ADI,AHMEDABAD,KOP,CHHATRAPATI SHAHU MAHARAJ TERMINUS,949
11050,KOP-ADI EXPR,18,ADI,AHMEDABAD,KOP,CHHATRAPATI SHAHU MAHARAJ TERMINUS,ADI,AHMEDABAD,949
11051,SUR - KOP EX,9,KOP,CHHATRAPATI,SUR,SOLAPUR,KOP,CHHATRAPATI SHAHU MAHARAJ TERMINUS,314
11052,KOP - SUR EX,9,SUR,SOLAPUR,KOP,CHHATRAPATI SHAHU MAHARAJ TERMINUS,SUR,SOLAPUR,314
11053,LTT-AMH EXPR,17,AMH,AZAMGARH,LTT,LOKMANYA TILAK TERMINUS,AMH,AZAMGARH,1552
11054,AMH-LTT EXPR,17,LTT,LOKMANYA TIL,AMH,AZAMGARH,LTT,LOKMANYA TILAK TERMINUS,1551
11055,GODAN EXPRES,23,GKP,GORAKHPUR JN,LTT,LOKMANYA TILAK TERMINUS,GKP,GORAKHPUR JN.,1732
11056,GODAN EXPRES,23,LTT,LOKMANYA TIL,GKP,GORAKHPUR JN.,LTT,LOKMANYA TILAK TERMINUS,1732
11057,AMRITSAR EXP,90,ASR,AMRITSAR JN.,CSMT,CST-MUMBAI,ASR,AMRITSAR JN.,2026
11058,ASR CSMT EXP,91,CSMT,CST-MUMBAI,ASR,AMRITSAR JN.,CSMT,CST-MUMBAI,2029
11059,CHHAPRA EXPR,24,CPR,CHHAPRA JN.,LTT,LOKMANYA TILAK TERMINUS,CPR,CHHAPRA JN.,1772
11060,CPR LTT EXPR,24,LTT,LOKMANYA TIL,CPR,CHHAPRA JN.,LTT,LOKMANYA TILAK TERMINUS,1770
11061,LTT-DBG  EXP,41,DBG,DARBHANGA JN,LTT,LOKMANYA TILAK TERMINUS,DBG,DARBHANGA JN.,1885
11062,DBG  LTT EXP,39,LTT,LOKMANYA TIL,DBG,DARBHANGA JN.,LTT,LOKMANYA TILAK TERMINUS,1883
11063,MS SA SUPER,14,SA,SALEM JN.,MS,CHENNAI EGMORE,SA,SALEM JN.,352
11064,SA MS SUPERF,14,MS,CHENNAI EGMO,SA,SALEM JN.,MS,CHENNAI EGMORE,352
11067,SAKET EXPRES,20,FD,FAIZABAD JN.,LTT,LOKMANYA TILAK TERMINUS,FD,FAIZABAD JN.,1510
11068,SAKET EXPRES,20,LTT,LOKMANYA TIL,FD,FAIZABAD JN.,LTT,LOKMANYA TILAK TERMINUS,1509
11071,KAMAYANI EXP,43,BSB,VARANASI JN.,LTT,LOKMANYA TILAK TERMINUS,BSB,VARANASI JN.,1645
11072,KAMAYANI EXP,41,LTT,LOKMANYA TIL,BSB,VARANASI JN.,LTT,LOKMANYA TILAK TERMINUS,1647
11073,LTT-MAS EXPR,18,MAS,CHENNAI CENT,LTT,LOKMANYA TILAK TERMINUS,MAS,CHENNAI CENTRAL,1265
11074,CHENNAI - LT,17,LTT,LOKMANYA TIL,MAS,CHENNAI CENTRAL,LTT,LOKMANYA TILAK TERMINUS,1267
11075,LTT-BIDR EXP,13,BIDR,BIDAR,LTT,LOKMANYA TILAK TERMINUS,BIDR,BIDAR,651
11076,BIDR-LTT EXP,13,LTT,LOKMANYA TIL,BIDR,BIDAR,LTT,LOKMANYA TILAK TERMINUS,651
11077,JHELUM EXPRE,67,JAT,JAMMU TAWI,PUNE,PUNE JN.,JAT,JAMMU TAWI,2155
11078,JHELUM EXPRE,65,PUNE,PUNE JN.,JAT,JAMMU TAWI,PUNE,PUNE JN.,2157
11079,LTT-GKP EXPR,25,GKP,GORAKHPUR JN,LTT,LOKMANYA TILAK TERMINUS,GKP,GORAKHPUR JN.,1745
11080,GKP-LTT EXPR,24,LTT,LOKMANYA TIL,GKP,GORAKHPUR JN.,LTT,LOKMANYA TILAK TERMINUS,1745
11081,LTT-GKP VIA,20,GKP,GORAKHPUR JN,LTT,LOKMANYA TILAK TERMINUS,GKP,GORAKHPUR JN.,1731
11082,GKP-LTT VIA,19,LTT,LOKMANYA TIL,GKP,GORAKHPUR JN.,LTT,LOKMANYA TILAK TERMINUS,1731
11083,LTT-KZJ TADO,29,KZJ,KAZIPET JN.,LTT,LOKMANYA TILAK TERMINUS,KZJ,KAZIPET JN.,1153
11084,KZJ-LTT TADO,28,LTT,LOKMANYA TIL,KZJ,KAZIPET JN.,LTT,LOKMANYA TILAK TERMINUS,1153
11085,LTT-MAO DOUB,11,MAO,MADGOAN JN.,LTT,LOKMANYA TILAK TERMINUS,MAO,MADGOAN JN.,574
11086,MAO-LTT DOUB,11,LTT,LOKMANYA TIL,MAO,MADGOAN JN.,LTT,LOKMANYA TILAK TERMINUS,578
11087,VRL-PUNE EXP,26,PUNE,PUNE JN.,VRL,VERAVAL,PUNE,PUNE JN.,1053
11088,PUNE-VRL EXP,25,VRL,VERAVAL,PUNE,PUNE JN.,VRL,VERAVAL,1053
11089,BGKTPUNE EXP,26,PUNE,PUNE JN.,BGKT,BHAGAT-KI-KOTHI,PUNE,PUNE JN.,1074
11090,PUNE BGKT EX,26,BGKT,BHAGAT-KI-KO,PUNE,PUNE JN.,BGKT,BHAGAT-KI-KOTHI,1072
11091,BHUJ PUNE EX,24,PUNE,PUNE JN.,BHUJ,NEW BHUJ,PUNE,PUNE JN.,981
11092,PUNE BHUJ EX,24,BHUJ,NEW BHUJ,PUNE,PUNE JN.,BHUJ,NEW BHUJ,981
11093,MAHANAGARI E,27,BSB,VARANASI JN.,CSMT,CST-MUMBAI,BSB,VARANASI JN.,1516
11094,MAHANAGARI E,26,CSMT,CST-MUMBAI,BSB,VARANASI JN.,CSMT,CST-MUMBAI,1515
11095,AHIMSA EXPRE,17,PUNE,PUNE JN.,ADI,AHMEDABAD,PUNE,PUNE JN.,623
11096,AHIMSA EXPRE,16,ADI,AHMEDABAD,PUNE,PUNE JN.,ADI,AHMEDABAD,622
11097,POORNA EXPRE,33,ERS,ERNAKULAM. J,PUNE,PUNE JN.,ERS,ERNAKULAM. JN,1278
11098,POORNA EXPRE,32,PUNE,PUNE JN.,ERS,ERNAKULAM. JN,PUNE,PUNE JN.,1279
11101,PUNE-GWALIOR,23,GWL,GWALIOR JN,PUNE,PUNE JN.,GWL,GWALIOR JN,1373
11102,GWL-PUNE EXP,23,PUNE,PUNE JN.,GWL,GWALIOR JN,PUNE,PUNE JN.,1373
11103,JHS-BDTS EXP,21,BDTS,BANDRA TERMI,JHS,JHANSI JN,BDTS,BANDRA TERMINUS,1321
11104,BDTS-JHS EXP,21,JHS,JHANSI JN,BDTS,BANDRA TERMINUS,JHS,JHANSI JN,1321
11107,BUNDELKHAND,31,BSB,VARANASI JN.,GWL,GWALIOR JN,BSB,VARANASI JN.,629
11108,BUNDELKHAND,37,GWL,GWALIOR JN,BSB,VARANASI JN.,GWL,GWALIOR JN,629
11109,JHS-LKO INTE,11,LJN,LUCKNOW JN.,JHS,JHANSI JN,LJN,LUCKNOW JN.,291
11110,LKO -JHS INT,11,JHS,JHANSI JN,LJN,LUCKNOW JN.,JHS,JHANSI JN,291
11111,GWL-BLP SUSH,12,BLP,"BALRAMPUR,",GWL,GWALIOR JN,BLP,"BALRAMPUR,",939
11112,BLP-GWL SUSH,12,GWL,GWALIOR JN,BLP,"BALRAMPUR,",GWL,GWALIOR JN,941
11123,BARAUNI-GWL,49,GWL,GWALIOR JN,BJU,BARAUNI JN.,GWL,GWALIOR JN,1051
11124,GWALIAR-BJU,49,BJU,BARAUNI JN.,GWL,GWALIOR JN,BJU,BARAUNI JN.,1054
11125,IND-GWL EXP,11,GWL,GWALIOR JN,INDB,INDORE BG,GWL,GWALIOR JN,561
11126,GWL-IND EXP,11,INDB,INDORE BG,GWL,GWALIOR JN,INDB,INDORE BG,561
11201,LTT-AJNI EXP,26,AJNI,AJNI,LTT,LOKMANYA TILAK TERMINUS,AJNI,AJNI,1015
11202,AJNI-LTT EXP,26,LTT,LOKMANYA TIL,AJNI,AJNI,LTT,LOKMANYA TILAK TERMINUS,1015
11203,NAGPUR JAIPU,28,JP,JAIPUR JN.,NGP,NAGPUR JN.(CR),JP,JAIPUR JN.,1340
11204,JAIPUR NAGPU,28,NGP,NAGPUR JN.(C,JP,JAIPUR JN.,NGP,NAGPUR JN.(CR),1340
11205,LTT-NZB EXPR,20,NZB,NIZAMABAD,LTT,LOKMANYA TILAK TERMINUS,NZB,NIZAMABAD,699
11206,NZB-LTT WEEK,20,LTT,LOKMANYA TIL,NZB,NIZAMABAD,LTT,LOKMANYA TILAK TERMINUS,699
11265,JBP-ABKP EXP,14,ABKP,AMBIKAPUR,JBP,JABALPUR,ABKP,AMBIKAPUR,432
11266,ABKP-JBP EXP,14,JBP,JABALPUR,ABKP,AMBIKAPUR,JBP,JABALPUR,434
11272,VINDHYACHAL,47,ET,ITARSI,BPL,BHOPAL,ET,ITARSI,737
11301,UDYAN EXPRES,35,SBC,KRANTIVIRA S,CSMT,CST-MUMBAI,SBC,KRANTIVIRA SANGOLLI RAYANNA (BENGALURU STATION),1154
11302,UDYAN EXP,34,CSMT,CST-MUMBAI,SBC,KRANTIVIRA SANGOLLI RAYANNA (BENGALURU STATION),CSMT,CST-MUMBAI,1154
11303,HYB-KOP EXPR,38,KOP,CHHATRAPATI,HYB,HYDERABAD DECCAN,KOP,CHHATRAPATI SHAHU MAHARAJ TERMINUS,989
11304,KOP-HYB EXPR,38,HYB,HYDERABAD DE,KOP,CHHATRAPATI SHAHU MAHARAJ TERMINUS,HYB,HYDERABAD DECCAN,987
11307,GR-HYB- INTE,7,HYB,HYDERABAD DE,GR,GULBARGA,HYB,HYDERABAD DECCAN,221
11308,HYB-GR INTER,7,GR,GULBARGA,HYB,HYDERABAD DECCAN,GR,GULBARGA,223
11309,SUR-MRJ EXP,14,MRJ,MIRAJ JN.,SUR,SOLAPUR,MRJ,MIRAJ JN.,267
11310,MRJ-SUR EXP,14,SUR,SOLAPUR,MRJ,MIRAJ JN.,SUR,SOLAPUR,267
11401,NANDIGRHAM E,34,NGP,NAGPUR JN.(C,CSMT,CST-MUMBAI,NGP,NAGPUR JN.(CR),1053
11402,NADHIGRAM EX,34,CSMT,CST-MUMBAI,NGP,NAGPUR JN.(CR),CSMT,CST-MUMBAI,1052
11403,NGP-KOP EXPR,22,KOP,CHHATRAPATI,NGP,NAGPUR JN.(CR),KOP,CHHATRAPATI SHAHU MAHARAJ TERMINUS,1026
11404,KOP-NGP EXPR,22,NGP,NAGPUR JN.(C,KOP,CHHATRAPATI SHAHU MAHARAJ TERMINUS,NGP,NAGPUR JN.(CR),1026
11405,PUNE-AMRAVAT,18,AMI,AMRAVATI,PUNE,PUNE JN.,AMI,AMRAVATI,811
11406,AMRAVAI-PUNE,18,PUNE,PUNE JN.,AMI,AMRAVATI,PUNE,PUNE JN.,812
11407,PUNE-LJN EXP,17,LJN,LUCKNOW JN.,PUNE,PUNE JN.,LJN,LUCKNOW JN.,1478
11408,LJN-PUNE EXP,17,PUNE,PUNE JN.,LJN,LUCKNOW JN.,PUNE,PUNE JN.,1478
11423,SUR HUBLI EX,14,UBL,HUBLI JN.,SUR,SOLAPUR,UBL,HUBLI JN.,357
11424,GDG-SUR EXPR,14,SUR,SOLAPUR,UBL,HUBLI JN.,SUR,SOLAPUR,356
11447,SHAKTIPUNJ E,45,HWH,HOWRAH JN.,JBP,JABALPUR,HWH,HOWRAH JN.,1156
11448,SHAKTIPUNJ E,46,JBP,JABALPUR,HWH,HOWRAH JN.,JBP,JABALPUR,1155
11449,JBP-SVDK EXP,34,SVDK,SHRI MATA VA,JBP,JABALPUR,SVDK,SHRI MATA VAISHNO DEVI KATRA,1561
11450,SVDK-JBP EXP,31,JBP,JABALPUR,SVDK,SHRI MATA VAISHNO DEVI KATRA,JBP,JABALPUR,1564
11463,SMNH-JBP EXP,50,JBP,JABALPUR,SMNH,SOMNATH,JBP,JABALPUR,1416
11464,JBP -SMNH EX,50,SMNH,SOMNATH,JBP,JABALPUR,SMNH,SOMNATH,1417
11465,SMNH-JBP EXP,49,JBP,JABALPUR,SMNH,SOMNATH,JBP,JABALPUR,1572
11466,JBP-SMNH EXP,50,SMNH,SOMNATH,JBP,JABALPUR,SMNH,SOMNATH,1575
11651,JBP-SGRL INT,14,SGRL,SINGRAULI,JBP,JABALPUR,SGRL,SINGRAULI,344
11652,SGRL-JBP INT,14,JBP,JABALPUR,SGRL,SINGRAULI,JBP,JABALPUR,345
11701,JBP-INDB INT,16,INDB,INDORE BG,JBP,JABALPUR,INDB,INDORE BG,751
11702,INDB-JBP INT,16,JBP,JABALPUR,INDB,INDORE BG,JBP,JABALPUR,751
11703,REWA-DADN  E,20,DADN,MHOW,REWA,REWA,DADN,MHOW,823
11704,INDB-REWA EX,20,REWA,REWA,DADN,MHOW,REWA,REWA,821
11801,JHS-ETW EXPR,6,ETW,ETAWAH,JHS,JHANSI JN,ETW,ETAWAH,215
11802,ETW-JHS LINK,6,JHS,JHANSI JN,ETW,ETAWAH,JHS,JHANSI JN,215
11901,MTJ-KKDE EXP,13,KKDE,KURUKSHETRA,MTJ,MATHURA JN.,KKDE,KURUKSHETRA JN.,292
11902,KKDE-MTJ EXP,13,MTJ,MATHURA JN.,KKDE,KURUKSHETRA JN.,MTJ,MATHURA JN.,294
12001,BPL - NDLS S,10,NDLS,NEW DELHI,HBJ,HABIBGANJ,NDLS,NEW DELHI,688
12002,NDLS - BPL S,10,HBJ,HABIBGANJ,NDLS,NEW DELHI,HBJ,HABIBGANJ,690
12003,LKO-NDLS SHA,7,NDLS,NEW DELHI,LJN,LUCKNOW JN.,NDLS,NEW DELHI,504
12004,NDLS-LKO SHA,7,LJN,LUCKNOW JN.,NDLS,NEW DELHI,LJN,LUCKNOW JN.,504
12005,NDLS-KLK- SH,5,KLK,KALKA,NDLS,NEW DELHI,KLK,KALKA,268
12006,KLK-NDLS SHA,5,NDLS,NEW DELHI,KLK,KALKA,NDLS,NEW DELHI,268
12007,MAS-MYS SHAT,4,MYS,MYSORE JN.,MAS,CHENNAI CENTRAL,MYS,MYSORE JN.,498
12008,MYS-MAS SHAT,4,MAS,CHENNAI CENT,MYS,MYSORE JN.,MAS,CHENNAI CENTRAL,499
12009,SHATABDI EXP,9,ADI,AHMEDABAD,BCT,MUMBAI CENTRAL,ADI,AHMEDABAD,490
12010,SHATABDI EXP,9,BCT,MUMBAI CENTR,ADI,AHMEDABAD,BCT,MUMBAI CENTRAL,490
12011,NDLS-KLK SHA,6,KLK,KALKA,NDLS,NEW DELHI,KLK,KALKA,268
12012,KLK-NDLS SHA,6,NDLS,NEW DELHI,KLK,KALKA,NDLS,NEW DELHI,268
12013,NDLS-ASR SHA,8,ASR,AMRITSAR JN.,NDLS,NEW DELHI,ASR,AMRITSAR JN.,447
12014,ASR-NDLS SHA,8,NDLS,NEW DELHI,ASR,AMRITSAR JN.,NDLS,NEW DELHI,447
12015,NDLS-AII SHA,10,AII,AJMER JN.,NDLS,NEW DELHI,AII,AJMER JN.,442
12016,AII-NDLS SHA,10,NDLS,NEW DELHI,AII,AJMER JN.,NDLS,NEW DELHI,442
12017,NDLS-DDN SHA,8,DDN,DEHRA DUN,NDLS,NEW DELHI,DDN,DEHRA DUN,314
12018,DDN-NDLS SHA,8,NDLS,NEW DELHI,DDN,DEHRA DUN,NDLS,NEW DELHI,314
12019,HOWRAH RANCH,10,RNC,RANCHI,HWH,HOWRAH JN.,RNC,RANCHI,436
12020,RNC HWH SHAT,10,HWH,HOWRAH JN.,RNC,RANCHI,HWH,HOWRAH JN.,434
12021,HOWRAH-BARAB,10,BBN,BARBIL,HWH,HOWRAH JN.,BBN,BARBIL,402
12022,BARABIL-HOWR,11,HWH,HOWRAH JN.,BBN,BARBIL,HWH,HOWRAH JN.,401
12023,HOWRAH PATNA,14,PNBE,PATNA JN.,HWH,HOWRAH JN.,PNBE,PATNA JN.,530
12024,PATNA HOWRAH,14,HWH,HOWRAH JN.,PNBE,PATNA JN.,HWH,HOWRAH JN.,531
12025,PUNE-SC SHAT,8,SC,SECUNDERABAD,PUNE,PUNE JN.,SC,SECUNDERABAD JN.,598
12026,SC-PUNE SHAT,8,PUNE,PUNE JN.,SC,SECUNDERABAD JN.,PUNE,PUNE JN.,598
12027,MAS-SBC SHAT,4,SBC,KRANTIVIRA S,MAS,CHENNAI CENTRAL,SBC,KRANTIVIRA SANGOLLI RAYANNA (BENGALURU STATION),360
12028,SBC-MAS SHAT,4,MAS,CHENNAI CENT,SBC,KRANTIVIRA SANGOLLI RAYANNA (BENGALURU STATION),MAS,CHENNAI CENTRAL,361
12029,SWARNA SHATA,8,ASR,AMRITSAR JN.,NDLS,NEW DELHI,ASR,AMRITSAR JN.,447
12030,SWARNA SHATA,8,NDLS,NEW DELHI,ASR,AMRITSAR JN.,NDLS,NEW DELHI,447
12031,NDLS-ASR-SHA,8,ASR,AMRITSAR JN.,NDLS,NEW DELHI,ASR,AMRITSAR JN.,447
12032,ASR-NDLS SHA,8,NDLS,NEW DELHI,ASR,AMRITSAR JN.,NDLS,NEW DELHI,447
12033,CNB NDLS SHT,5,NDLS,NEW DELHI,CNB,KANPUR CENTRAL JN.,NDLS,NEW DELHI,430
